{
  "total_samples": 16,
  "features": [
    {
      "event_type": "pas",
      "duration": 1.0010000000000003,
      "frame_count": 3,
      "start_time": 4.671333333333333,
      "end_time": 5.6723333333333334,
      "num_players": 26,
      "num_frames_with_players": 4,
      "player_avg_x": 872.8290866670154,
      "player_avg_y": 457.359317779541,
      "player_std_x": 349.2454663926752,
      "player_std_y": 158.16330222601283,
      "player_min_x": 269.0488815307617,
      "player_max_x": 1482.4998168945312,
      "player_min_y": 157.9769515991211,
      "player_max_y": 698.9724426269531,
      "player_avg_movement": 457.6934799707454,
      "player_max_movement": 968.9865213033082,
      "player_total_movement": 18765.43267880056,
      "ball_avg_x": 750.4757385253906,
      "ball_avg_y": 947.9773254394531,
      "ball_std_x": 0.0,
      "ball_std_y": 0.0,
      "ball_avg_speed": 0.0,
      "ball_max_speed": 0.0,
      "ball_total_movement": 0.0,
      "ball_avg_y_change": 0.0,
      "ball_y_trend": "down",
      "has_ball_data": true,
      "player_ball_avg_distance": 615.7235864911765,
      "player_ball_min_distance": 269.6902866039934,
      "player_ball_max_distance": 843.6784728090457
    },
    {
      "event_type": "basket",
      "duration": 1.4013999999999998,
      "frame_count": 4,
      "start_time": 6.2062,
      "end_time": 7.6076,
      "num_players": 34,
      "num_frames_with_players": 5,
      "player_avg_x": 940.9894625756049,
      "player_avg_y": 441.65462856908,
      "player_std_x": 353.80541732848116,
      "player_std_y": 173.44933203206406,
      "player_min_x": 277.4742202758789,
      "player_max_x": 1623.6806640625,
      "player_min_y": 181.16485214233398,
      "player_max_y": 751.5467224121094,
      "player_avg_movement": 514.4492590206262,
      "player_max_movement": 987.1943608261004,
      "player_total_movement": 31381.404800258206,
      "ball_avg_x": 671.5968139648437,
      "ball_avg_y": 617.6246917724609,
      "ball_std_x": 64.40437221094255,
      "ball_std_y": 269.73179588956873,
      "ball_avg_speed": 141.5163094930242,
      "ball_max_speed": 566.0652379720968,
      "ball_total_movement": 566.0652379720968,
      "ball_avg_y_change": -137.64693069458008,
      "ball_y_trend": "up",
      "has_ball_data": true,
      "player_ball_avg_distance": 416.1696241305729,
      "player_ball_min_distance": 25.742421359330766,
      "player_ball_max_distance": 1005.8372773272025
    },
    {
      "event_type": "pas",
      "duration": 0.9342666666666659,
      "frame_count": 3,
      "start_time": 9.6096,
      "end_time": 10.543866666666666,
      "num_players": 28,
      "num_frames_with_players": 4,
      "player_avg_x": 912.5207718610764,
      "player_avg_y": 534.760977468183,
      "player_std_x": 481.11952788406455,
      "player_std_y": 153.365952330121,
      "player_min_x": 25.29611897468567,
      "player_max_x": 1728.0236206054688,
      "player_min_y": 241.520751953125,
      "player_max_y": 770.9465637207031,
      "player_avg_movement": 661.1584414393524,
      "player_max_movement": 1497.3435704011363,
      "player_total_movement": 19834.753243180567,
      "ball_avg_x": 750.4928894042969,
      "ball_avg_y": 947.368408203125,
      "ball_std_x": 0.0,
      "ball_std_y": 0.0,
      "ball_avg_speed": 0.0,
      "ball_max_speed": 0.0,
      "ball_total_movement": 0.0,
      "ball_avg_y_change": 0,
      "ball_y_trend": "unknown",
      "has_ball_data": true,
      "player_ball_avg_distance": 632.429205235206,
      "player_ball_min_distance": 274.5597578096898,
      "player_ball_max_distance": 1024.657593710013
    },
    {
      "event_type": "basket",
      "duration": 1.2012,
      "frame_count": 4,
      "start_time": 11.144466666666666,
      "end_time": 12.345666666666666,
      "num_players": 17,
      "num_frames_with_players": 5,
      "player_avg_x": 1118.8285646247864,
      "player_avg_y": 699.1767254638672,
      "player_std_x": 455.8647610904484,
      "player_std_y": 74.35262988272896,
      "player_min_x": 16.97232484817505,
      "player_max_x": 1866.9327392578125,
      "player_min_y": 594.548583984375,
      "player_max_y": 882.0594787597656,
      "player_avg_movement": 603.9259423767054,
      "player_max_movement": 1846.909029054725,
      "player_total_movement": 14494.222617040929,
      "ball_avg_x": 786.6913757324219,
      "ball_avg_y": 610.4220886230469,
      "ball_std_x": 0.0,
      "ball_std_y": 0.0,
      "ball_avg_speed": 0.0,
      "ball_max_speed": 0.0,
      "ball_total_movement": 0.0,
      "ball_avg_y_change": 0.0,
      "ball_y_trend": "down",
      "has_ball_data": true,
      "player_ball_avg_distance": 461.6066014409739,
      "player_ball_min_distance": 27.79321007836587,
      "player_ball_max_distance": 1113.870852115039
    },
    {
      "event_type": "basket",
      "duration": 2.0353666666666665,
      "frame_count": 6,
      "start_time": 12.846166666666667,
      "end_time": 14.881533333333334,
      "num_players": 26,
      "num_frames_with_players": 7,
      "player_avg_x": 799.7143245405621,
      "player_avg_y": 576.267293382574,
      "player_std_x": 542.0446654877142,
      "player_std_y": 346.8269168525888,
      "player_min_x": 33.350231528282166,
      "player_max_x": 1911.2166137695312,
      "player_min_y": 15.217620372772217,
      "player_max_y": 1020.6391906738281,
      "player_avg_movement": 745.3527010550135,
      "player_max_movement": 1672.924550045058,
      "player_total_movement": 19379.170227430353,
      "ball_avg_x": 776.6804765973773,
      "ball_avg_y": 877.7286507742746,
      "ball_std_x": 6.331448538590125,
      "ball_std_y": 169.05951398144754,
      "ball_avg_speed": 62.41525630146143,
      "ball_max_speed": 374.4915378087686,
      "ball_total_movement": 374.4915378087686,
      "ball_avg_y_change": 62.37153116861979,
      "ball_y_trend": "down",
      "has_ball_data": true,
      "player_ball_avg_distance": 534.2348205287001,
      "player_ball_min_distance": 105.75267214060817,
      "player_ball_max_distance": 1215.966219647404
    },
    {
      "event_type": "pas",
      "duration": 1.034366666666667,
      "frame_count": 3,
      "start_time": 19.052366666666668,
      "end_time": 20.086733333333335,
      "num_players": 22,
      "num_frames_with_players": 4,
      "player_avg_x": 994.4737604075465,
      "player_avg_y": 444.59343324858565,
      "player_std_x": 273.6023486817205,
      "player_std_y": 178.95400212732167,
      "player_min_x": 506.88169860839844,
      "player_max_x": 1526.3706665039062,
      "player_min_y": 224.04927825927734,
      "player_max_y": 826.6814270019531,
      "player_avg_movement": 394.3652710901413,
      "player_max_movement": 891.3791151658085,
      "player_total_movement": 22478.82045213805,
      "ball_avg_x": 749.3986511230469,
      "ball_avg_y": 946.7447204589844,
      "ball_std_x": 0,
      "ball_std_y": 0,
      "ball_avg_speed": 0,
      "ball_max_speed": 0,
      "ball_total_movement": 0,
      "ball_avg_y_change": 0,
      "ball_y_trend": "unknown",
      "has_ball_data": true,
      "player_ball_avg_distance": 624.6321631614709,
      "player_ball_min_distance": 271.3900752466729,
      "player_ball_max_distance": 893.2189450529951
    },
    {
      "event_type": "basket",
      "duration": 2.2022000000000013,
      "frame_count": 7,
      "start_time": 20.186833333333333,
      "end_time": 22.389033333333334,
      "num_players": 33,
      "num_frames_with_players": 8,
      "player_avg_x": 1002.6271288232896,
      "player_avg_y": 493.17162900758024,
      "player_std_x": 264.2535067512208,
      "player_std_y": 186.5430498288539,
      "player_min_x": 560.8863220214844,
      "player_max_x": 1635.1553955078125,
      "player_min_y": 206.31369018554688,
      "player_max_y": 846.9459838867188,
      "player_avg_movement": 405.924153136191,
      "player_max_movement": 973.1759365845114,
      "player_total_movement": 41404.26361989148,